../att_face/s1/1.jpg,0
../att_face/s1/10.jpg,0
../att_face/s1/2.jpg,0
../att_face/s1/3.jpg,0
../att_face/s1/4.jpg,0
../att_face/s10/1.jpg,1
../att_face/s10/10.jpg,1
../att_face/s10/2.jpg,1
../att_face/s10/3.jpg,1
../att_face/s10/4.jpg,1
../att_face/s11/1.jpg,2
../att_face/s11/10.jpg,2
../att_face/s11/2.jpg,2
../att_face/s11/3.jpg,2
../att_face/s11/4.jpg,2
../att_face/s12/1.jpg,3
../att_face/s12/10.jpg,3
../att_face/s12/2.jpg,3
../att_face/s12/3.jpg,3
../att_face/s12/4.jpg,3
../att_face/s13/1.jpg,4
../att_face/s13/10.jpg,4
../att_face/s13/2.jpg,4
../att_face/s13/3.jpg,4
../att_face/s13/4.jpg,4
../att_face/s14/1.jpg,5
../att_face/s14/10.jpg,5
../att_face/s14/2.jpg,5
../att_face/s14/3.jpg,5
../att_face/s14/4.jpg,5
../att_face/s15/1.jpg,6
../att_face/s15/10.jpg,6
../att_face/s15/2.jpg,6
../att_face/s15/3.jpg,6
../att_face/s15/4.jpg,6
../att_face/s16/1.jpg,7
../att_face/s16/10.jpg,7
../att_face/s16/2.jpg,7
../att_face/s16/3.jpg,7
../att_face/s16/4.jpg,7
../att_face/s17/1.jpg,8
../att_face/s17/10.jpg,8
../att_face/s17/2.jpg,8
../att_face/s17/3.jpg,8
../att_face/s17/4.jpg,8
../att_face/s18/1.jpg,9
../att_face/s18/10.jpg,9
../att_face/s18/2.jpg,9
../att_face/s18/3.jpg,9
../att_face/s18/4.jpg,9
../att_face/s19/1.jpg,10
../att_face/s19/10.jpg,10
../att_face/s19/2.jpg,10
../att_face/s19/3.jpg,10
../att_face/s19/4.jpg,10
../att_face/s2/1.jpg,11
../att_face/s2/10.jpg,11
../att_face/s2/2.jpg,11
../att_face/s2/3.jpg,11
../att_face/s2/4.jpg,11
../att_face/s20/1.jpg,12
../att_face/s20/10.jpg,12
../att_face/s20/2.jpg,12
../att_face/s20/3.jpg,12
../att_face/s20/4.jpg,12
../att_face/s21/1.jpg,13
../att_face/s21/10.jpg,13
../att_face/s21/2.jpg,13
../att_face/s21/3.jpg,13
../att_face/s21/4.jpg,13
../att_face/s22/1.jpg,14
../att_face/s22/10.jpg,14
../att_face/s22/2.jpg,14
../att_face/s22/3.jpg,14
../att_face/s22/4.jpg,14
../att_face/s23/1.jpg,15
../att_face/s23/10.jpg,15
../att_face/s23/2.jpg,15
../att_face/s23/3.jpg,15
../att_face/s23/4.jpg,15
../att_face/s24/1.jpg,16
../att_face/s24/10.jpg,16
../att_face/s24/2.jpg,16
../att_face/s24/3.jpg,16
../att_face/s24/4.jpg,16
../att_face/s25/1.jpg,17
../att_face/s25/10.jpg,17
../att_face/s25/2.jpg,17
../att_face/s25/3.jpg,17
../att_face/s25/4.jpg,17
../att_face/s26/1.jpg,18
../att_face/s26/10.jpg,18
../att_face/s26/2.jpg,18
../att_face/s26/3.jpg,18
../att_face/s26/4.jpg,18
../att_face/s27/1.jpg,19
../att_face/s27/10.jpg,19
../att_face/s27/2.jpg,19
../att_face/s27/3.jpg,19
../att_face/s27/4.jpg,19
../att_face/s28/1.jpg,20
../att_face/s28/10.jpg,20
../att_face/s28/2.jpg,20
../att_face/s28/3.jpg,20
../att_face/s28/4.jpg,20
../att_face/s29/1.jpg,21
../att_face/s29/10.jpg,21
../att_face/s29/2.jpg,21
../att_face/s29/3.jpg,21
../att_face/s29/4.jpg,21
../att_face/s3/1.jpg,22
../att_face/s3/10.jpg,22
../att_face/s3/2.jpg,22
../att_face/s3/3.jpg,22
../att_face/s3/4.jpg,22
../att_face/s30/1.jpg,23
../att_face/s30/10.jpg,23
../att_face/s30/2.jpg,23
../att_face/s30/3.jpg,23
../att_face/s30/4.jpg,23
../att_face/s31/1.jpg,24
../att_face/s31/10.jpg,24
../att_face/s31/2.jpg,24
../att_face/s31/3.jpg,24
../att_face/s31/4.jpg,24
../att_face/s32/1.jpg,25
../att_face/s32/10.jpg,25
../att_face/s32/2.jpg,25
../att_face/s32/3.jpg,25
../att_face/s32/4.jpg,25
../att_face/s33/1.jpg,26
../att_face/s33/10.jpg,26
../att_face/s33/2.jpg,26
../att_face/s33/3.jpg,26
../att_face/s33/4.jpg,26
../att_face/s34/1.jpg,27
../att_face/s34/10.jpg,27
../att_face/s34/2.jpg,27
../att_face/s34/3.jpg,27
../att_face/s34/4.jpg,27
../att_face/s35/1.jpg,28
../att_face/s35/10.jpg,28
../att_face/s35/2.jpg,28
../att_face/s35/3.jpg,28
../att_face/s35/4.jpg,28
../att_face/s36/1.jpg,29
../att_face/s36/10.jpg,29
../att_face/s36/2.jpg,29
../att_face/s36/3.jpg,29
../att_face/s36/4.jpg,29
../att_face/s37/1.jpg,30
../att_face/s37/10.jpg,30
../att_face/s37/2.jpg,30
../att_face/s37/3.jpg,30
../att_face/s37/4.jpg,30
../att_face/s38/1.jpg,31
../att_face/s38/10.jpg,31
../att_face/s38/2.jpg,31
../att_face/s38/3.jpg,31
../att_face/s38/4.jpg,31
../att_face/s39/1.jpg,32
../att_face/s39/10.jpg,32
../att_face/s39/2.jpg,32
../att_face/s39/3.jpg,32
../att_face/s39/4.jpg,32
../att_face/s4/1.jpg,33
../att_face/s4/10.jpg,33
../att_face/s4/2.jpg,33
../att_face/s4/3.jpg,33
../att_face/s4/4.jpg,33
../att_face/s40/1.jpg,34
../att_face/s40/10.jpg,34
../att_face/s40/2.jpg,34
../att_face/s40/3.jpg,34
../att_face/s40/4.jpg,34
../att_face/s5/1.jpg,35
../att_face/s5/10.jpg,35
../att_face/s5/2.jpg,35
../att_face/s5/3.jpg,35
../att_face/s5/4.jpg,35
../att_face/s6/1.jpg,36
../att_face/s6/10.jpg,36
../att_face/s6/2.jpg,36
../att_face/s6/3.jpg,36
../att_face/s6/4.jpg,36
../att_face/s7/1.jpg,37
../att_face/s7/10.jpg,37
../att_face/s7/2.jpg,37
../att_face/s7/3.jpg,37
../att_face/s7/4.jpg,37
../att_face/s8/1.jpg,38
../att_face/s8/10.jpg,38
../att_face/s8/2.jpg,38
../att_face/s8/3.jpg,38
../att_face/s8/4.jpg,38
../att_face/s9/1.jpg,39
../att_face/s9/10.jpg,39
../att_face/s9/2.jpg,39
../att_face/s9/3.jpg,39
../att_face/s9/4.jpg,39
