data\s100\a.bat,1
data\s100\m-001-01.pgm,2
data\s100\m-001-02.pgm,3
data\s100\m-001-03.pgm,4
data\s100\m-001-04.pgm,5
data\s100\m-001-05.pgm,6
data\s100\m-001-06.pgm,7
data\s100\m-001-07.pgm,8
data\s100\m-001-08.pgm,9
data\s100\m-001-09.pgm,10
data\s100\m-001-10.pgm,11
data\s100\m-002-01.pgm,12
data\s100\m-002-02.pgm,13
data\s100\m-002-03.pgm,14
data\s100\m-002-04.pgm,15
data\s100\m-002-05.pgm,16
data\s100\m-002-06.pgm,17
data\s100\m-002-07.pgm,18
data\s100\m-002-08.pgm,19
data\s100\m-002-09.pgm,20
data\s100\m-002-10.pgm,21
data\s100\m-003-01.pgm,22
data\s100\m-003-02.pgm,23
data\s100\m-003-03.pgm,24
data\s100\m-003-04.pgm,25
data\s100\m-003-05.pgm,26
data\s100\m-003-06.pgm,27
data\s100\m-003-07.pgm,28
data\s100\m-003-08.pgm,29
data\s100\m-003-09.pgm,30
data\s100\m-003-10.pgm,31
data\s100\m-004-01.pgm,32
data\s100\m-004-02.pgm,33
data\s100\m-004-03.pgm,34
data\s100\m-004-04.pgm,35
data\s100\m-004-05.pgm,36
data\s100\m-004-06.pgm,37
data\s100\m-004-07.pgm,38
data\s100\m-004-08.pgm,39
data\s100\m-004-09.pgm,40
data\s100\m-004-10.pgm,41
data\s100\m-005-01.pgm,42
data\s100\m-005-02.pgm,43
data\s100\m-005-03.pgm,44
data\s100\m-005-04.pgm,45
data\s100\m-005-05.pgm,46
data\s100\m-005-06.pgm,47
data\s100\m-005-07.pgm,48
data\s100\m-005-08.pgm,49
data\s100\m-005-09.pgm,50
data\s100\m-005-10.pgm,51
data\s100\m-006-01.pgm,52
data\s100\m-006-02.pgm,53
data\s100\m-006-03.pgm,54
data\s100\m-006-04.pgm,55
data\s100\m-006-05.pgm,56
data\s100\m-006-06.pgm,57
data\s100\m-006-07.pgm,58
data\s100\m-006-08.pgm,59
data\s100\m-006-09.pgm,60
data\s100\m-006-10.pgm,61
data\s100\m-007-01.pgm,62
data\s100\m-007-02.pgm,63
data\s100\m-007-03.pgm,64
data\s100\m-007-04.pgm,65
data\s100\m-007-05.pgm,66
data\s100\m-007-06.pgm,67
data\s100\m-007-07.pgm,68
data\s100\m-007-08.pgm,69
data\s100\m-007-09.pgm,70
data\s100\m-007-10.pgm,71
data\s100\m-008-01.pgm,72
data\s100\m-008-02.pgm,73
data\s100\m-008-03.pgm,74
data\s100\m-008-04.pgm,75
data\s100\m-008-05.pgm,76
data\s100\m-008-06.pgm,77
data\s100\m-008-07.pgm,78
data\s100\m-008-08.pgm,79
data\s100\m-008-09.pgm,80
data\s100\m-008-10.pgm,81
data\s100\m-009-01.pgm,82
data\s100\m-009-02.pgm,83
data\s100\m-009-03.pgm,84
data\s100\m-009-04.pgm,85
data\s100\m-009-05.pgm,86
data\s100\m-009-06.pgm,87
data\s100\m-009-07.pgm,88
data\s100\m-009-08.pgm,89
data\s100\m-009-09.pgm,90
data\s100\m-009-10.pgm,91
data\s100\m-010-01.pgm,92
data\s100\m-010-02.pgm,93
data\s100\m-010-03.pgm,94
data\s100\m-010-04.pgm,95
data\s100\m-010-05.pgm,96
data\s100\m-010-06.pgm,97
data\s100\m-010-07.pgm,98
data\s100\m-010-08.pgm,99
data\s100\m-010-09.pgm,100
data\s100\m-010-10.pgm,101
data\s100\m-011-01.pgm,102
data\s100\m-011-02.pgm,103
data\s100\m-011-03.pgm,104
data\s100\m-011-04.pgm,105
data\s100\m-011-05.pgm,106
data\s100\m-011-06.pgm,107
data\s100\m-011-07.pgm,108
data\s100\m-011-08.pgm,109
data\s100\m-011-09.pgm,110
data\s100\m-011-10.pgm,111
data\s100\m-012-01.pgm,112
data\s100\m-012-02.pgm,113
data\s100\m-012-03.pgm,114
data\s100\m-012-04.pgm,115
data\s100\m-012-05.pgm,116
data\s100\m-012-06.pgm,117
data\s100\m-012-07.pgm,118
data\s100\m-012-08.pgm,119
data\s100\m-012-09.pgm,120
data\s100\m-012-10.pgm,121
data\s100\m-013-01.pgm,122
data\s100\m-013-02.pgm,123
data\s100\m-013-03.pgm,124
data\s100\m-013-04.pgm,125
data\s100\m-013-05.pgm,126
data\s100\m-013-06.pgm,127
data\s100\m-013-07.pgm,128
data\s100\m-013-08.pgm,129
data\s100\m-013-09.pgm,130
data\s100\m-013-10.pgm,131
data\s100\m-014-01.pgm,132
data\s100\m-014-02.pgm,133
data\s100\m-014-03.pgm,134
data\s100\m-014-04.pgm,135
data\s100\m-014-05.pgm,136
data\s100\m-014-06.pgm,137
data\s100\m-014-07.pgm,138
data\s100\m-014-08.pgm,139
data\s100\m-014-09.pgm,140
data\s100\m-014-10.pgm,141
data\s100\m-015-01.pgm,142
data\s100\m-015-02.pgm,143
data\s100\m-015-03.pgm,144
data\s100\m-015-04.pgm,145
data\s100\m-015-05.pgm,146
data\s100\m-015-06.pgm,147
data\s100\m-015-07.pgm,148
data\s100\m-015-08.pgm,149
data\s100\m-015-09.pgm,150
data\s100\m-015-10.pgm,151
data\s100\m-016-01.pgm,152
data\s100\m-016-02.pgm,153
data\s100\m-016-03.pgm,154
data\s100\m-016-04.pgm,155
data\s100\m-016-05.pgm,156
data\s100\m-016-06.pgm,157
data\s100\m-016-07.pgm,158
data\s100\m-016-08.pgm,159
data\s100\m-016-09.pgm,160
data\s100\m-016-10.pgm,161
data\s100\m-017-01.pgm,162
data\s100\m-017-02.pgm,163
data\s100\m-017-03.pgm,164
data\s100\m-017-04.pgm,165
data\s100\m-017-05.pgm,166
data\s100\m-017-06.pgm,167
data\s100\m-017-07.pgm,168
data\s100\m-017-08.pgm,169
data\s100\m-017-09.pgm,170
data\s100\m-017-10.pgm,171
data\s100\m-018-01.pgm,172
data\s100\m-018-02.pgm,173
data\s100\m-018-03.pgm,174
data\s100\m-018-04.pgm,175
data\s100\m-018-05.pgm,176
data\s100\m-018-06.pgm,177
data\s100\m-018-07.pgm,178
data\s100\m-018-08.pgm,179
data\s100\m-018-09.pgm,180
data\s100\m-018-10.pgm,181
data\s100\m-019-01.pgm,182
data\s100\m-019-02.pgm,183
data\s100\m-019-03.pgm,184
data\s100\m-019-04.pgm,185
data\s100\m-019-05.pgm,186
data\s100\m-019-06.pgm,187
data\s100\m-019-07.pgm,188
data\s100\m-019-08.pgm,189
data\s100\m-019-09.pgm,190
data\s100\m-019-10.pgm,191
data\s100\m-020-01.pgm,192
data\s100\m-020-02.pgm,193
data\s100\m-020-03.pgm,194
data\s100\m-020-04.pgm,195
data\s100\m-020-05.pgm,196
data\s100\m-020-06.pgm,197
data\s100\m-020-07.pgm,198
data\s100\m-020-08.pgm,199
data\s100\m-020-09.pgm,200
data\s100\m-020-10.pgm,201
data\s100\m-021-01.pgm,202
data\s100\m-021-02.pgm,203
data\s100\m-021-03.pgm,204
data\s100\m-021-04.pgm,205
data\s100\m-021-05.pgm,206
data\s100\m-021-06.pgm,207
data\s100\m-021-07.pgm,208
data\s100\m-021-08.pgm,209
data\s100\m-021-09.pgm,210
data\s100\m-021-10.pgm,211
data\s100\m-022-01.pgm,212
data\s100\m-022-02.pgm,213
data\s100\m-022-03.pgm,214
data\s100\m-022-04.pgm,215
data\s100\m-022-05.pgm,216
data\s100\m-022-06.pgm,217
data\s100\m-022-07.pgm,218
data\s100\m-022-08.pgm,219
data\s100\m-022-09.pgm,220
data\s100\m-022-10.pgm,221
data\s100\m-023-01.pgm,222
data\s100\m-023-02.pgm,223
data\s100\m-023-03.pgm,224
data\s100\m-023-04.pgm,225
data\s100\m-023-05.pgm,226
data\s100\m-023-06.pgm,227
data\s100\m-023-07.pgm,228
data\s100\m-023-08.pgm,229
data\s100\m-023-09.pgm,230
data\s100\m-023-10.pgm,231
data\s100\m-024-01.pgm,232
data\s100\m-024-02.pgm,233
data\s100\m-024-03.pgm,234
data\s100\m-024-04.pgm,235
data\s100\m-024-05.pgm,236
data\s100\m-024-06.pgm,237
data\s100\m-024-07.pgm,238
data\s100\m-024-08.pgm,239
data\s100\m-024-09.pgm,240
data\s100\m-024-10.pgm,241
data\s100\m-025-01.pgm,242
data\s100\m-025-02.pgm,243
data\s100\m-025-03.pgm,244
data\s100\m-025-04.pgm,245
data\s100\m-025-05.pgm,246
data\s100\m-025-06.pgm,247
data\s100\m-025-07.pgm,248
data\s100\m-025-08.pgm,249
data\s100\m-025-09.pgm,250
data\s100\m-025-10.pgm,251
data\s100\m-026-01.pgm,252
data\s100\m-026-02.pgm,253
data\s100\m-026-03.pgm,254
data\s100\m-026-04.pgm,255
data\s100\m-026-05.pgm,256
data\s100\m-026-06.pgm,257
data\s100\m-026-07.pgm,258
data\s100\m-026-08.pgm,259
data\s100\m-026-09.pgm,260
data\s100\m-026-10.pgm,261
data\s100\m-027-01.pgm,262
data\s100\m-027-02.pgm,263
data\s100\m-027-03.pgm,264
data\s100\m-027-04.pgm,265
data\s100\m-027-05.pgm,266
data\s100\m-027-06.pgm,267
data\s100\m-027-07.pgm,268
data\s100\m-027-08.pgm,269
data\s100\m-027-09.pgm,270
data\s100\m-027-10.pgm,271
data\s100\m-028-01.pgm,272
data\s100\m-028-02.pgm,273
data\s100\m-028-03.pgm,274
data\s100\m-028-04.pgm,275
data\s100\m-028-05.pgm,276
data\s100\m-028-06.pgm,277
data\s100\m-028-07.pgm,278
data\s100\m-028-08.pgm,279
data\s100\m-028-09.pgm,280
data\s100\m-028-10.pgm,281
data\s100\m-029-01.pgm,282
data\s100\m-029-02.pgm,283
data\s100\m-029-03.pgm,284
data\s100\m-029-04.pgm,285
data\s100\m-029-05.pgm,286
data\s100\m-029-06.pgm,287
data\s100\m-029-07.pgm,288
data\s100\m-029-08.pgm,289
data\s100\m-029-09.pgm,290
data\s100\m-029-10.pgm,291
data\s100\m-030-01.pgm,292
data\s100\m-030-02.pgm,293
data\s100\m-030-03.pgm,294
data\s100\m-030-04.pgm,295
data\s100\m-030-05.pgm,296
data\s100\m-030-06.pgm,297
data\s100\m-030-07.pgm,298
data\s100\m-030-08.pgm,299
data\s100\m-030-09.pgm,300
data\s100\m-030-10.pgm,301
data\s100\m-031-01.pgm,302
data\s100\m-031-02.pgm,303
data\s100\m-031-03.pgm,304
data\s100\m-031-04.pgm,305
data\s100\m-031-05.pgm,306
data\s100\m-031-06.pgm,307
data\s100\m-031-07.pgm,308
data\s100\m-031-08.pgm,309
data\s100\m-031-09.pgm,310
data\s100\m-031-10.pgm,311
data\s100\m-032-01.pgm,312
data\s100\m-032-02.pgm,313
data\s100\m-032-03.pgm,314
data\s100\m-032-04.pgm,315
data\s100\m-032-05.pgm,316
data\s100\m-032-06.pgm,317
data\s100\m-032-07.pgm,318
data\s100\m-032-08.pgm,319
data\s100\m-032-09.pgm,320
data\s100\m-032-10.pgm,321
data\s100\m-033-01.pgm,322
data\s100\m-033-02.pgm,323
data\s100\m-033-03.pgm,324
data\s100\m-033-04.pgm,325
data\s100\m-033-05.pgm,326
data\s100\m-033-06.pgm,327
data\s100\m-033-07.pgm,328
data\s100\m-033-08.pgm,329
data\s100\m-033-09.pgm,330
data\s100\m-033-10.pgm,331
data\s100\m-034-01.pgm,332
data\s100\m-034-02.pgm,333
data\s100\m-034-03.pgm,334
data\s100\m-034-04.pgm,335
data\s100\m-034-05.pgm,336
data\s100\m-034-06.pgm,337
data\s100\m-034-07.pgm,338
data\s100\m-034-08.pgm,339
data\s100\m-034-09.pgm,340
data\s100\m-034-10.pgm,341
data\s100\m-035-01.pgm,342
data\s100\m-035-02.pgm,343
data\s100\m-035-03.pgm,344
data\s100\m-035-04.pgm,345
data\s100\m-035-05.pgm,346
data\s100\m-035-06.pgm,347
data\s100\m-035-07.pgm,348
data\s100\m-035-08.pgm,349
data\s100\m-035-09.pgm,350
data\s100\m-035-10.pgm,351
data\s100\m-036-01.pgm,352
data\s100\m-036-02.pgm,353
data\s100\m-036-03.pgm,354
data\s100\m-036-04.pgm,355
data\s100\m-036-05.pgm,356
data\s100\m-036-06.pgm,357
data\s100\m-036-07.pgm,358
data\s100\m-036-08.pgm,359
data\s100\m-036-09.pgm,360
data\s100\m-036-10.pgm,361
data\s100\m-037-01.pgm,362
data\s100\m-037-02.pgm,363
data\s100\m-037-03.pgm,364
data\s100\m-037-04.pgm,365
data\s100\m-037-05.pgm,366
data\s100\m-037-06.pgm,367
data\s100\m-037-07.pgm,368
data\s100\m-037-08.pgm,369
data\s100\m-037-09.pgm,370
data\s100\m-037-10.pgm,371
data\s100\m-038-01.pgm,372
data\s100\m-038-02.pgm,373
data\s100\m-038-03.pgm,374
data\s100\m-038-04.pgm,375
data\s100\m-038-05.pgm,376
data\s100\m-038-06.pgm,377
data\s100\m-038-07.pgm,378
data\s100\m-038-08.pgm,379
data\s100\m-038-09.pgm,380
data\s100\m-038-10.pgm,381
data\s100\m-039-01.pgm,382
data\s100\m-039-02.pgm,383
data\s100\m-039-03.pgm,384
data\s100\m-039-04.pgm,385
data\s100\m-039-05.pgm,386
data\s100\m-039-06.pgm,387
data\s100\m-039-07.pgm,388
data\s100\m-039-08.pgm,389
data\s100\m-039-09.pgm,390
data\s100\m-039-10.pgm,391
data\s100\m-040-01.pgm,392
data\s100\m-040-02.pgm,393
data\s100\m-040-03.pgm,394
data\s100\m-040-04.pgm,395
data\s100\m-040-05.pgm,396
data\s100\m-040-06.pgm,397
data\s100\m-040-07.pgm,398
data\s100\m-040-08.pgm,399
data\s100\m-040-09.pgm,400
data\s100\m-040-10.pgm,401
data\s100\m-041-01.pgm,402
data\s100\m-041-02.pgm,403
data\s100\m-041-03.pgm,404
data\s100\m-041-04.pgm,405
data\s100\m-041-05.pgm,406
data\s100\m-041-06.pgm,407
data\s100\m-041-07.pgm,408
data\s100\m-041-08.pgm,409
data\s100\m-041-09.pgm,410
data\s100\m-041-10.pgm,411
data\s100\m-042-01.pgm,412
data\s100\m-042-02.pgm,413
data\s100\m-042-03.pgm,414
data\s100\m-042-04.pgm,415
data\s100\m-042-05.pgm,416
data\s100\m-042-06.pgm,417
data\s100\m-042-07.pgm,418
data\s100\m-042-08.pgm,419
data\s100\m-042-09.pgm,420
data\s100\m-042-10.pgm,421
data\s100\m-043-01.pgm,422
data\s100\m-043-02.pgm,423
data\s100\m-043-03.pgm,424
data\s100\m-043-04.pgm,425
data\s100\m-043-05.pgm,426
data\s100\m-043-06.pgm,427
data\s100\m-043-07.pgm,428
data\s100\m-043-08.pgm,429
data\s100\m-043-09.pgm,430
data\s100\m-043-10.pgm,431
data\s100\m-044-01.pgm,432
data\s100\m-044-02.pgm,433
data\s100\m-044-03.pgm,434
data\s100\m-044-04.pgm,435
data\s100\m-044-05.pgm,436
data\s100\m-044-06.pgm,437
data\s100\m-044-07.pgm,438
data\s100\m-044-08.pgm,439
data\s100\m-044-09.pgm,440
data\s100\m-044-10.pgm,441
data\s100\m-045-01.pgm,442
data\s100\m-045-02.pgm,443
data\s100\m-045-03.pgm,444
data\s100\m-045-04.pgm,445
data\s100\m-045-05.pgm,446
data\s100\m-045-06.pgm,447
data\s100\m-045-07.pgm,448
data\s100\m-045-08.pgm,449
data\s100\m-045-09.pgm,450
data\s100\m-045-10.pgm,451
data\s100\m-046-01.pgm,452
data\s100\m-046-02.pgm,453
data\s100\m-046-03.pgm,454
data\s100\m-046-04.pgm,455
data\s100\m-046-05.pgm,456
data\s100\m-046-06.pgm,457
data\s100\m-046-07.pgm,458
data\s100\m-046-08.pgm,459
data\s100\m-046-09.pgm,460
data\s100\m-046-10.pgm,461
data\s100\m-047-01.pgm,462
data\s100\m-047-02.pgm,463
data\s100\m-047-03.pgm,464
data\s100\m-047-04.pgm,465
data\s100\m-047-05.pgm,466
data\s100\m-047-06.pgm,467
data\s100\m-047-07.pgm,468
data\s100\m-047-08.pgm,469
data\s100\m-047-09.pgm,470
data\s100\m-047-10.pgm,471
data\s100\m-048-01.pgm,472
data\s100\m-048-02.pgm,473
data\s100\m-048-03.pgm,474
data\s100\m-048-04.pgm,475
data\s100\m-048-05.pgm,476
data\s100\m-048-06.pgm,477
data\s100\m-048-07.pgm,478
data\s100\m-048-08.pgm,479
data\s100\m-048-09.pgm,480
data\s100\m-048-10.pgm,481
data\s100\m-049-01.pgm,482
data\s100\m-049-02.pgm,483
data\s100\m-049-03.pgm,484
data\s100\m-049-04.pgm,485
data\s100\m-049-05.pgm,486
data\s100\m-049-06.pgm,487
data\s100\m-049-07.pgm,488
data\s100\m-049-08.pgm,489
data\s100\m-049-09.pgm,490
data\s100\m-049-10.pgm,491
data\s100\m-050-01.pgm,492
data\s100\m-050-02.pgm,493
data\s100\m-050-03.pgm,494
data\s100\m-050-04.pgm,495
data\s100\m-050-05.pgm,496
data\s100\m-050-06.pgm,497
data\s100\m-050-07.pgm,498
data\s100\m-050-08.pgm,499
data\s100\m-050-09.pgm,500
data\s100\m-050-10.pgm,501
data\s100\w-051-01.pgm,502
data\s100\w-051-02.pgm,503
data\s100\w-051-03.pgm,504
data\s100\w-051-04.pgm,505
data\s100\w-051-05.pgm,506
data\s100\w-051-06.pgm,507
data\s100\w-051-07.pgm,508
data\s100\w-051-08.pgm,509
data\s100\w-051-09.pgm,510
data\s100\w-051-10.pgm,511
data\s100\w-052-01.pgm,512
data\s100\w-052-02.pgm,513
data\s100\w-052-03.pgm,514
data\s100\w-052-04.pgm,515
data\s100\w-052-05.pgm,516
data\s100\w-052-06.pgm,517
data\s100\w-052-07.pgm,518
data\s100\w-052-08.pgm,519
data\s100\w-052-09.pgm,520
data\s100\w-052-10.pgm,521
data\s100\w-053-01.pgm,522
data\s100\w-053-02.pgm,523
data\s100\w-053-03.pgm,524
data\s100\w-053-04.pgm,525
data\s100\w-053-05.pgm,526
data\s100\w-053-06.pgm,527
data\s100\w-053-07.pgm,528
data\s100\w-053-08.pgm,529
data\s100\w-053-09.pgm,530
data\s100\w-053-10.pgm,531
data\s100\w-054-01.pgm,532
data\s100\w-054-02.pgm,533
data\s100\w-054-03.pgm,534
data\s100\w-054-04.pgm,535
data\s100\w-054-05.pgm,536
data\s100\w-054-06.pgm,537
data\s100\w-054-07.pgm,538
data\s100\w-054-08.pgm,539
data\s100\w-054-09.pgm,540
data\s100\w-054-10.pgm,541
data\s100\w-055-01.pgm,542
data\s100\w-055-02.pgm,543
data\s100\w-055-03.pgm,544
data\s100\w-055-04.pgm,545
data\s100\w-055-05.pgm,546
data\s100\w-055-06.pgm,547
data\s100\w-055-07.pgm,548
data\s100\w-055-08.pgm,549
data\s100\w-055-09.pgm,550
data\s100\w-055-10.pgm,551
data\s100\w-056-01.pgm,552
data\s100\w-056-02.pgm,553
data\s100\w-056-03.pgm,554
data\s100\w-056-04.pgm,555
data\s100\w-056-05.pgm,556
data\s100\w-056-06.pgm,557
data\s100\w-056-07.pgm,558
data\s100\w-056-08.pgm,559
data\s100\w-056-09.pgm,560
data\s100\w-056-10.pgm,561
data\s100\w-057-01.pgm,562
data\s100\w-057-02.pgm,563
data\s100\w-057-03.pgm,564
data\s100\w-057-04.pgm,565
data\s100\w-057-05.pgm,566
data\s100\w-057-06.pgm,567
data\s100\w-057-07.pgm,568
data\s100\w-057-08.pgm,569
data\s100\w-057-09.pgm,570
data\s100\w-057-10.pgm,571
data\s100\w-058-01.pgm,572
data\s100\w-058-02.pgm,573
data\s100\w-058-03.pgm,574
data\s100\w-058-04.pgm,575
data\s100\w-058-05.pgm,576
data\s100\w-058-06.pgm,577
data\s100\w-058-07.pgm,578
data\s100\w-058-08.pgm,579
data\s100\w-058-09.pgm,580
data\s100\w-058-10.pgm,581
data\s100\w-059-01.pgm,582
data\s100\w-059-02.pgm,583
data\s100\w-059-03.pgm,584
data\s100\w-059-04.pgm,585
data\s100\w-059-05.pgm,586
data\s100\w-059-06.pgm,587
data\s100\w-059-07.pgm,588
data\s100\w-059-08.pgm,589
data\s100\w-059-09.pgm,590
data\s100\w-059-10.pgm,591
data\s100\w-060-01.pgm,592
data\s100\w-060-02.pgm,593
data\s100\w-060-03.pgm,594
data\s100\w-060-04.pgm,595
data\s100\w-060-05.pgm,596
data\s100\w-060-06.pgm,597
data\s100\w-060-07.pgm,598
data\s100\w-060-08.pgm,599
data\s100\w-060-09.pgm,600
data\s100\w-060-10.pgm,601
data\s100\w-061-01.pgm,602
data\s100\w-061-02.pgm,603
data\s100\w-061-03.pgm,604
data\s100\w-061-04.pgm,605
data\s100\w-061-05.pgm,606
data\s100\w-061-06.pgm,607
data\s100\w-061-07.pgm,608
data\s100\w-061-08.pgm,609
data\s100\w-061-09.pgm,610
data\s100\w-061-10.pgm,611
data\s100\w-062-01.pgm,612
data\s100\w-062-02.pgm,613
data\s100\w-062-03.pgm,614
data\s100\w-062-04.pgm,615
data\s100\w-062-05.pgm,616
data\s100\w-062-06.pgm,617
data\s100\w-062-07.pgm,618
data\s100\w-062-08.pgm,619
data\s100\w-062-09.pgm,620
data\s100\w-062-10.pgm,621
data\s100\w-063-01.pgm,622
data\s100\w-063-02.pgm,623
data\s100\w-063-03.pgm,624
data\s100\w-063-04.pgm,625
data\s100\w-063-05.pgm,626
data\s100\w-063-06.pgm,627
data\s100\w-063-07.pgm,628
data\s100\w-063-08.pgm,629
data\s100\w-063-09.pgm,630
data\s100\w-063-10.pgm,631
data\s100\w-064-01.pgm,632
data\s100\w-064-02.pgm,633
data\s100\w-064-03.pgm,634
data\s100\w-064-04.pgm,635
data\s100\w-064-05.pgm,636
data\s100\w-064-06.pgm,637
data\s100\w-064-07.pgm,638
data\s100\w-064-08.pgm,639
data\s100\w-064-09.pgm,640
data\s100\w-064-10.pgm,641
data\s100\w-065-01.pgm,642
data\s100\w-065-02.pgm,643
data\s100\w-065-03.pgm,644
data\s100\w-065-04.pgm,645
data\s100\w-065-05.pgm,646
data\s100\w-065-06.pgm,647
data\s100\w-065-07.pgm,648
data\s100\w-065-08.pgm,649
data\s100\w-065-09.pgm,650
data\s100\w-065-10.pgm,651
data\s100\w-066-01.pgm,652
data\s100\w-066-02.pgm,653
data\s100\w-066-03.pgm,654
data\s100\w-066-04.pgm,655
data\s100\w-066-05.pgm,656
data\s100\w-066-06.pgm,657
data\s100\w-066-07.pgm,658
data\s100\w-066-08.pgm,659
data\s100\w-066-09.pgm,660
data\s100\w-066-10.pgm,661
data\s100\w-067-01.pgm,662
data\s100\w-067-02.pgm,663
data\s100\w-067-03.pgm,664
data\s100\w-067-04.pgm,665
data\s100\w-067-05.pgm,666
data\s100\w-067-06.pgm,667
data\s100\w-067-07.pgm,668
data\s100\w-067-08.pgm,669
data\s100\w-067-09.pgm,670
data\s100\w-067-10.pgm,671
data\s100\w-068-01.pgm,672
data\s100\w-068-02.pgm,673
data\s100\w-068-03.pgm,674
data\s100\w-068-04.pgm,675
data\s100\w-068-05.pgm,676
data\s100\w-068-06.pgm,677
data\s100\w-068-07.pgm,678
data\s100\w-068-08.pgm,679
data\s100\w-068-09.pgm,680
data\s100\w-068-10.pgm,681
data\s100\w-069-01.pgm,682
data\s100\w-069-02.pgm,683
data\s100\w-069-03.pgm,684
data\s100\w-069-04.pgm,685
data\s100\w-069-05.pgm,686
data\s100\w-069-06.pgm,687
data\s100\w-069-07.pgm,688
data\s100\w-069-08.pgm,689
data\s100\w-069-09.pgm,690
data\s100\w-069-10.pgm,691
data\s100\w-070-01.pgm,692
data\s100\w-070-02.pgm,693
data\s100\w-070-03.pgm,694
data\s100\w-070-04.pgm,695
data\s100\w-070-05.pgm,696
data\s100\w-070-06.pgm,697
data\s100\w-070-07.pgm,698
data\s100\w-070-08.pgm,699
data\s100\w-070-09.pgm,700
data\s100\w-070-10.pgm,701
data\s100\w-071-01.pgm,702
data\s100\w-071-02.pgm,703
data\s100\w-071-03.pgm,704
data\s100\w-071-04.pgm,705
data\s100\w-071-05.pgm,706
data\s100\w-071-06.pgm,707
data\s100\w-071-07.pgm,708
data\s100\w-071-08.pgm,709
data\s100\w-071-09.pgm,710
data\s100\w-071-10.pgm,711
data\s100\w-072-01.pgm,712
data\s100\w-072-02.pgm,713
data\s100\w-072-03.pgm,714
data\s100\w-072-04.pgm,715
data\s100\w-072-05.pgm,716
data\s100\w-072-06.pgm,717
data\s100\w-072-07.pgm,718
data\s100\w-072-08.pgm,719
data\s100\w-072-09.pgm,720
data\s100\w-072-10.pgm,721
data\s100\w-073-01.pgm,722
data\s100\w-073-02.pgm,723
data\s100\w-073-03.pgm,724
data\s100\w-073-04.pgm,725
data\s100\w-073-05.pgm,726
data\s100\w-073-06.pgm,727
data\s100\w-073-07.pgm,728
data\s100\w-073-08.pgm,729
data\s100\w-073-09.pgm,730
data\s100\w-073-10.pgm,731
data\s100\w-074-01.pgm,732
data\s100\w-074-02.pgm,733
data\s100\w-074-03.pgm,734
data\s100\w-074-04.pgm,735
data\s100\w-074-05.pgm,736
data\s100\w-074-06.pgm,737
data\s100\w-074-07.pgm,738
data\s100\w-074-08.pgm,739
data\s100\w-074-09.pgm,740
data\s100\w-074-10.pgm,741
data\s100\w-075-01.pgm,742
data\s100\w-075-02.pgm,743
data\s100\w-075-03.pgm,744
data\s100\w-075-04.pgm,745
data\s100\w-075-05.pgm,746
data\s100\w-075-06.pgm,747
data\s100\w-075-07.pgm,748
data\s100\w-075-08.pgm,749
data\s100\w-075-09.pgm,750
data\s100\w-075-10.pgm,751
data\s100\w-076-01.pgm,752
data\s100\w-076-02.pgm,753
data\s100\w-076-03.pgm,754
data\s100\w-076-04.pgm,755
data\s100\w-076-05.pgm,756
data\s100\w-076-06.pgm,757
data\s100\w-076-07.pgm,758
data\s100\w-076-08.pgm,759
data\s100\w-076-09.pgm,760
data\s100\w-076-10.pgm,761
data\s100\w-077-01.pgm,762
data\s100\w-077-02.pgm,763
data\s100\w-077-03.pgm,764
data\s100\w-077-04.pgm,765
data\s100\w-077-05.pgm,766
data\s100\w-077-06.pgm,767
data\s100\w-077-07.pgm,768
data\s100\w-077-08.pgm,769
data\s100\w-077-09.pgm,770
data\s100\w-077-10.pgm,771
data\s100\w-078-01.pgm,772
data\s100\w-078-02.pgm,773
data\s100\w-078-03.pgm,774
data\s100\w-078-04.pgm,775
data\s100\w-078-05.pgm,776
data\s100\w-078-06.pgm,777
data\s100\w-078-07.pgm,778
data\s100\w-078-08.pgm,779
data\s100\w-078-09.pgm,780
data\s100\w-078-10.pgm,781
data\s100\w-079-01.pgm,782
data\s100\w-079-02.pgm,783
data\s100\w-079-03.pgm,784
data\s100\w-079-04.pgm,785
data\s100\w-079-05.pgm,786
data\s100\w-079-06.pgm,787
data\s100\w-079-07.pgm,788
data\s100\w-079-08.pgm,789
data\s100\w-079-09.pgm,790
data\s100\w-079-10.pgm,791
data\s100\w-080-01.pgm,792
data\s100\w-080-02.pgm,793
data\s100\w-080-03.pgm,794
data\s100\w-080-04.pgm,795
data\s100\w-080-05.pgm,796
data\s100\w-080-06.pgm,797
data\s100\w-080-07.pgm,798
data\s100\w-080-08.pgm,799
data\s100\w-080-09.pgm,800
data\s100\w-080-10.pgm,801
data\s100\w-081-01.pgm,802
data\s100\w-081-02.pgm,803
data\s100\w-081-03.pgm,804
data\s100\w-081-04.pgm,805
data\s100\w-081-05.pgm,806
data\s100\w-081-06.pgm,807
data\s100\w-081-07.pgm,808
data\s100\w-081-08.pgm,809
data\s100\w-081-09.pgm,810
data\s100\w-081-10.pgm,811
data\s100\w-082-01.pgm,812
data\s100\w-082-02.pgm,813
data\s100\w-082-03.pgm,814
data\s100\w-082-04.pgm,815
data\s100\w-082-05.pgm,816
data\s100\w-082-06.pgm,817
data\s100\w-082-07.pgm,818
data\s100\w-082-08.pgm,819
data\s100\w-082-09.pgm,820
data\s100\w-082-10.pgm,821
data\s100\w-083-01.pgm,822
data\s100\w-083-02.pgm,823
data\s100\w-083-03.pgm,824
data\s100\w-083-04.pgm,825
data\s100\w-083-05.pgm,826
data\s100\w-083-06.pgm,827
data\s100\w-083-07.pgm,828
data\s100\w-083-08.pgm,829
data\s100\w-083-09.pgm,830
data\s100\w-083-10.pgm,831
data\s100\w-084-01.pgm,832
data\s100\w-084-02.pgm,833
data\s100\w-084-03.pgm,834
data\s100\w-084-04.pgm,835
data\s100\w-084-05.pgm,836
data\s100\w-084-06.pgm,837
data\s100\w-084-07.pgm,838
data\s100\w-084-08.pgm,839
data\s100\w-084-09.pgm,840
data\s100\w-084-10.pgm,841
data\s100\w-085-01.pgm,842
data\s100\w-085-02.pgm,843
data\s100\w-085-03.pgm,844
data\s100\w-085-04.pgm,845
data\s100\w-085-05.pgm,846
data\s100\w-085-06.pgm,847
data\s100\w-085-07.pgm,848
data\s100\w-085-08.pgm,849
data\s100\w-085-09.pgm,850
data\s100\w-085-10.pgm,851
data\s100\w-086-01.pgm,852
data\s100\w-086-02.pgm,853
data\s100\w-086-03.pgm,854
data\s100\w-086-04.pgm,855
data\s100\w-086-05.pgm,856
data\s100\w-086-06.pgm,857
data\s100\w-086-07.pgm,858
data\s100\w-086-08.pgm,859
data\s100\w-086-09.pgm,860
data\s100\w-086-10.pgm,861
data\s100\w-087-01.pgm,862
data\s100\w-087-02.pgm,863
data\s100\w-087-03.pgm,864
data\s100\w-087-04.pgm,865
data\s100\w-087-05.pgm,866
data\s100\w-087-06.pgm,867
data\s100\w-087-07.pgm,868
data\s100\w-087-08.pgm,869
data\s100\w-087-09.pgm,870
data\s100\w-087-10.pgm,871
data\s100\w-088-01.pgm,872
data\s100\w-088-02.pgm,873
data\s100\w-088-03.pgm,874
data\s100\w-088-04.pgm,875
data\s100\w-088-05.pgm,876
data\s100\w-088-06.pgm,877
data\s100\w-088-07.pgm,878
data\s100\w-088-08.pgm,879
data\s100\w-088-09.pgm,880
data\s100\w-088-10.pgm,881
data\s100\w-089-01.pgm,882
data\s100\w-089-02.pgm,883
data\s100\w-089-03.pgm,884
data\s100\w-089-04.pgm,885
data\s100\w-089-05.pgm,886
data\s100\w-089-06.pgm,887
data\s100\w-089-07.pgm,888
data\s100\w-089-08.pgm,889
data\s100\w-089-09.pgm,890
data\s100\w-089-10.pgm,891
data\s100\w-090-01.pgm,892
data\s100\w-090-02.pgm,893
data\s100\w-090-03.pgm,894
data\s100\w-090-04.pgm,895
data\s100\w-090-05.pgm,896
data\s100\w-090-06.pgm,897
data\s100\w-090-07.pgm,898
data\s100\w-090-08.pgm,899
data\s100\w-090-09.pgm,900
data\s100\w-090-10.pgm,901
data\s100\w-091-01.pgm,902
data\s100\w-091-02.pgm,903
data\s100\w-091-03.pgm,904
data\s100\w-091-04.pgm,905
data\s100\w-091-05.pgm,906
data\s100\w-091-06.pgm,907
data\s100\w-091-07.pgm,908
data\s100\w-091-08.pgm,909
data\s100\w-091-09.pgm,910
data\s100\w-091-10.pgm,911
data\s100\w-092-01.pgm,912
data\s100\w-092-02.pgm,913
data\s100\w-092-03.pgm,914
data\s100\w-092-04.pgm,915
data\s100\w-092-05.pgm,916
data\s100\w-092-06.pgm,917
data\s100\w-092-07.pgm,918
data\s100\w-092-08.pgm,919
data\s100\w-092-09.pgm,920
data\s100\w-092-10.pgm,921
data\s100\w-093-01.pgm,922
data\s100\w-093-02.pgm,923
data\s100\w-093-03.pgm,924
data\s100\w-093-04.pgm,925
data\s100\w-093-05.pgm,926
data\s100\w-093-06.pgm,927
data\s100\w-093-07.pgm,928
data\s100\w-093-08.pgm,929
data\s100\w-093-09.pgm,930
data\s100\w-093-10.pgm,931
data\s100\w-094-01.pgm,932
data\s100\w-094-02.pgm,933
data\s100\w-094-03.pgm,934
data\s100\w-094-04.pgm,935
data\s100\w-094-05.pgm,936
data\s100\w-094-06.pgm,937
data\s100\w-094-07.pgm,938
data\s100\w-094-08.pgm,939
data\s100\w-094-09.pgm,940
data\s100\w-094-10.pgm,941
data\s100\w-095-01.pgm,942
data\s100\w-095-02.pgm,943
data\s100\w-095-03.pgm,944
data\s100\w-095-04.pgm,945
data\s100\w-095-05.pgm,946
data\s100\w-095-06.pgm,947
data\s100\w-095-07.pgm,948
data\s100\w-095-08.pgm,949
data\s100\w-095-09.pgm,950
data\s100\w-095-10.pgm,951
data\s100\w-096-01.pgm,952
data\s100\w-096-02.pgm,953
data\s100\w-096-03.pgm,954
data\s100\w-096-04.pgm,955
data\s100\w-096-05.pgm,956
data\s100\w-096-06.pgm,957
data\s100\w-096-07.pgm,958
data\s100\w-096-08.pgm,959
data\s100\w-096-09.pgm,960
data\s100\w-096-10.pgm,961
data\s100\w-097-01.pgm,962
data\s100\w-097-02.pgm,963
data\s100\w-097-03.pgm,964
data\s100\w-097-04.pgm,965
data\s100\w-097-05.pgm,966
data\s100\w-097-06.pgm,967
data\s100\w-097-07.pgm,968
data\s100\w-097-08.pgm,969
data\s100\w-097-09.pgm,970
data\s100\w-097-10.pgm,971
data\s100\w-098-01.pgm,972
data\s100\w-098-02.pgm,973
data\s100\w-098-03.pgm,974
data\s100\w-098-04.pgm,975
data\s100\w-098-05.pgm,976
data\s100\w-098-06.pgm,977
data\s100\w-098-07.pgm,978
data\s100\w-098-08.pgm,979
data\s100\w-098-09.pgm,980
data\s100\w-098-10.pgm,981
data\s100\w-099-01.pgm,982
data\s100\w-099-02.pgm,983
data\s100\w-099-03.pgm,984
data\s100\w-099-04.pgm,985
data\s100\w-099-05.pgm,986
data\s100\w-099-06.pgm,987
data\s100\w-099-07.pgm,988
data\s100\w-099-08.pgm,989
data\s100\w-099-09.pgm,990
data\s100\w-099-10.pgm,991
data\s100\w-100-01.pgm,992
data\s100\w-100-02.pgm,993
data\s100\w-100-03.pgm,994
data\s100\w-100-04.pgm,995
data\s100\w-100-05.pgm,996
data\s100\w-100-06.pgm,997
data\s100\w-100-07.pgm,998
data\s100\w-100-08.pgm,999
data\s100\w-100-09.pgm,1000
data\s100\w-100-10.pgm,1001
data\s101\1.jpg,1002
data\s101\1.pgm,1003
data\s101\10.jpg,1004
data\s101\10.pgm,1005
data\s101\2.jpg,1006
data\s101\2.pgm,1007
data\s101\3.jpg,1008
data\s101\3.pgm,1009
data\s101\4.jpg,1010
data\s101\4.pgm,1011
data\s101\5.jpg,1012
data\s101\5.pgm,1013
data\s101\6.jpg,1014
data\s101\6.pgm,1015
data\s101\7.jpg,1016
data\s101\7.pgm,1017
data\s101\8.jpg,1018
data\s101\8.pgm,1019
data\s101\9.jpg,1020
data\s101\9.pgm,1021
data\s102\1.jpg,1022
data\s102\1.pgm,1023
data\s102\10.jpg,1024
data\s102\10.pgm,1025
data\s102\2.jpg,1026
data\s102\2.pgm,1027
data\s102\3.jpg,1028
data\s102\3.pgm,1029
data\s102\4.jpg,1030
data\s102\4.pgm,1031
data\s102\5.jpg,1032
data\s102\5.pgm,1033
data\s102\6.jpg,1034
data\s102\6.pgm,1035
data\s102\7.jpg,1036
data\s102\7.pgm,1037
data\s102\8.jpg,1038
data\s102\8.pgm,1039
data\s102\9.jpg,1040
data\s102\9.pgm,1041
data\s103\1.jpg,1042
data\s103\1.pgm,1043
data\s103\10.jpg,1044
data\s103\10.pgm,1045
data\s103\2.jpg,1046
data\s103\2.pgm,1047
data\s103\3.jpg,1048
data\s103\3.pgm,1049
data\s103\4.jpg,1050
data\s103\4.pgm,1051
data\s103\5.jpg,1052
data\s103\5.pgm,1053
data\s103\6.jpg,1054
data\s103\6.pgm,1055
data\s103\7.jpg,1056
data\s103\7.pgm,1057
data\s103\8.jpg,1058
data\s103\8.pgm,1059
data\s103\9.jpg,1060
data\s103\9.pgm,1061
data\s104\1.jpg,1062
data\s104\1.pgm,1063
data\s104\10.jpg,1064
data\s104\10.pgm,1065
data\s104\2.jpg,1066
data\s104\2.pgm,1067
data\s104\3.jpg,1068
data\s104\3.pgm,1069
data\s104\4.jpg,1070
data\s104\4.pgm,1071
data\s104\5.jpg,1072
data\s104\5.pgm,1073
data\s104\6.jpg,1074
data\s104\6.pgm,1075
data\s104\7.jpg,1076
data\s104\7.pgm,1077
data\s104\8.jpg,1078
data\s104\8.pgm,1079
data\s104\9.jpg,1080
data\s104\9.pgm,1081
data\s105\1.jpg,1082
data\s105\1.pgm,1083
data\s105\10.jpg,1084
data\s105\10.pgm,1085
data\s105\2.jpg,1086
data\s105\2.pgm,1087
data\s105\3.jpg,1088
data\s105\3.pgm,1089
data\s105\4.jpg,1090
data\s105\4.pgm,1091
data\s105\5.jpg,1092
data\s105\5.pgm,1093
data\s105\6.jpg,1094
data\s105\6.pgm,1095
data\s105\7.jpg,1096
data\s105\7.pgm,1097
data\s105\8.jpg,1098
data\s105\8.pgm,1099
data\s105\9.jpg,1100
data\s105\9.pgm,1101
data\s106\1.jpg,1102
data\s106\1.pgm,1103
data\s106\10.jpg,1104
data\s106\10.pgm,1105
data\s106\2.jpg,1106
data\s106\2.pgm,1107
data\s106\3.jpg,1108
data\s106\3.pgm,1109
data\s106\4.jpg,1110
data\s106\4.pgm,1111
data\s106\5.jpg,1112
data\s106\5.pgm,1113
data\s106\6.jpg,1114
data\s106\6.pgm,1115
data\s106\7.jpg,1116
data\s106\7.pgm,1117
data\s106\8.jpg,1118
data\s106\8.pgm,1119
data\s106\9.jpg,1120
data\s106\9.pgm,1121
data\s107\1.jpg,1122
data\s107\1.pgm,1123
data\s107\10.jpg,1124
data\s107\10.pgm,1125
data\s107\2.jpg,1126
data\s107\2.pgm,1127
data\s107\3.jpg,1128
data\s107\3.pgm,1129
data\s107\4.jpg,1130
data\s107\4.pgm,1131
data\s107\5.jpg,1132
data\s107\5.pgm,1133
data\s107\6.jpg,1134
data\s107\6.pgm,1135
data\s107\7.jpg,1136
data\s107\7.pgm,1137
data\s107\8.jpg,1138
data\s107\8.pgm,1139
data\s107\9.jpg,1140
data\s107\9.pgm,1141
data\s108\1.jpg,1142
data\s108\1.pgm,1143
data\s108\10.jpg,1144
data\s108\10.pgm,1145
data\s108\2.jpg,1146
data\s108\2.pgm,1147
data\s108\3.jpg,1148
data\s108\3.pgm,1149
data\s108\4.jpg,1150
data\s108\4.pgm,1151
data\s108\5.jpg,1152
data\s108\5.pgm,1153
data\s108\6.jpg,1154
data\s108\6.pgm,1155
data\s108\7.jpg,1156
data\s108\7.pgm,1157
data\s108\8.jpg,1158
data\s108\8.pgm,1159
data\s108\9.jpg,1160
data\s108\9.pgm,1161
data\s109\1.jpg,1162
data\s109\1.pgm,1163
data\s109\10.jpg,1164
data\s109\10.pgm,1165
data\s109\2.jpg,1166
data\s109\2.pgm,1167
data\s109\3.jpg,1168
data\s109\3.pgm,1169
data\s109\4.jpg,1170
data\s109\4.pgm,1171
data\s109\5.jpg,1172
data\s109\5.pgm,1173
data\s109\6.jpg,1174
data\s109\6.pgm,1175
data\s109\7.jpg,1176
data\s109\7.pgm,1177
data\s109\8.jpg,1178
data\s109\8.pgm,1179
data\s109\9.jpg,1180
data\s109\9.pgm,1181
data\s110\1.jpg,1182
data\s110\1.pgm,1183
data\s110\10.jpg,1184
data\s110\10.pgm,1185
data\s110\2.jpg,1186
data\s110\2.pgm,1187
data\s110\3.jpg,1188
data\s110\3.pgm,1189
data\s110\4.jpg,1190
data\s110\4.pgm,1191
data\s110\5.jpg,1192
data\s110\5.pgm,1193
data\s110\6.jpg,1194
data\s110\6.pgm,1195
data\s110\7.jpg,1196
data\s110\7.pgm,1197
data\s110\8.jpg,1198
data\s110\8.pgm,1199
data\s110\9.jpg,1200
data\s110\9.pgm,1201
data\s111\1.jpg,1202
data\s111\1.pgm,1203
data\s111\10.jpg,1204
data\s111\10.pgm,1205
data\s111\2.jpg,1206
data\s111\2.pgm,1207
data\s111\3.jpg,1208
data\s111\3.pgm,1209
data\s111\4.jpg,1210
data\s111\4.pgm,1211
data\s111\5.jpg,1212
data\s111\5.pgm,1213
data\s111\6.jpg,1214
data\s111\6.pgm,1215
data\s111\7.jpg,1216
data\s111\7.pgm,1217
data\s111\8.jpg,1218
data\s111\8.pgm,1219
data\s111\9.jpg,1220
data\s111\9.pgm,1221
data\s112\1.jpg,1222
data\s112\1.pgm,1223
data\s112\10.jpg,1224
data\s112\10.pgm,1225
data\s112\2.jpg,1226
data\s112\2.pgm,1227
data\s112\3.jpg,1228
data\s112\3.pgm,1229
data\s112\4.jpg,1230
data\s112\4.pgm,1231
data\s112\5.jpg,1232
data\s112\5.pgm,1233
data\s112\6.jpg,1234
data\s112\6.pgm,1235
data\s112\7.jpg,1236
data\s112\7.pgm,1237
data\s112\8.jpg,1238
data\s112\8.pgm,1239
data\s112\9.jpg,1240
data\s112\9.pgm,1241
data\s113\1.jpg,1242
data\s113\1.pgm,1243
data\s113\10.jpg,1244
data\s113\10.pgm,1245
data\s113\2.jpg,1246
data\s113\2.pgm,1247
data\s113\3.jpg,1248
data\s113\3.pgm,1249
data\s113\4.jpg,1250
data\s113\4.pgm,1251
data\s113\5.jpg,1252
data\s113\5.pgm,1253
data\s113\6.jpg,1254
data\s113\6.pgm,1255
data\s113\7.jpg,1256
data\s113\7.pgm,1257
data\s113\8.jpg,1258
data\s113\8.pgm,1259
data\s113\9.jpg,1260
data\s113\9.pgm,1261
data\s114\1.jpg,1262
data\s114\1.pgm,1263
data\s114\10.jpg,1264
data\s114\10.pgm,1265
data\s114\2.jpg,1266
data\s114\2.pgm,1267
data\s114\3.jpg,1268
data\s114\3.pgm,1269
data\s114\4.jpg,1270
data\s114\4.pgm,1271
data\s114\5.jpg,1272
data\s114\5.pgm,1273
data\s114\6.jpg,1274
data\s114\6.pgm,1275
data\s114\7.jpg,1276
data\s114\7.pgm,1277
data\s114\8.jpg,1278
data\s114\8.pgm,1279
data\s114\9.jpg,1280
data\s114\9.pgm,1281
data\s115\1.jpg,1282
data\s115\1.pgm,1283
data\s115\10.jpg,1284
data\s115\10.pgm,1285
data\s115\2.jpg,1286
data\s115\2.pgm,1287
data\s115\3.jpg,1288
data\s115\3.pgm,1289
data\s115\4.jpg,1290
data\s115\4.pgm,1291
data\s115\5.jpg,1292
data\s115\5.pgm,1293
data\s115\6.jpg,1294
data\s115\6.pgm,1295
data\s115\7.jpg,1296
data\s115\7.pgm,1297
data\s115\8.jpg,1298
data\s115\8.pgm,1299
data\s115\9.jpg,1300
data\s115\9.pgm,1301
data\s116\1.jpg,1302
data\s116\1.pgm,1303
data\s116\10.jpg,1304
data\s116\10.pgm,1305
data\s116\2.jpg,1306
data\s116\2.pgm,1307
data\s116\3.jpg,1308
data\s116\3.pgm,1309
data\s116\4.jpg,1310
data\s116\4.pgm,1311
data\s116\5.jpg,1312
data\s116\5.pgm,1313
data\s116\6.jpg,1314
data\s116\6.pgm,1315
data\s116\7.jpg,1316
data\s116\7.pgm,1317
data\s116\8.jpg,1318
data\s116\8.pgm,1319
data\s116\9.jpg,1320
data\s116\9.pgm,1321
data\s117\1.jpg,1322
data\s117\1.pgm,1323
data\s117\10.jpg,1324
data\s117\10.pgm,1325
data\s117\2.jpg,1326
data\s117\2.pgm,1327
data\s117\3.jpg,1328
data\s117\3.pgm,1329
data\s117\4.jpg,1330
data\s117\4.pgm,1331
data\s117\5.jpg,1332
data\s117\5.pgm,1333
data\s117\6.jpg,1334
data\s117\6.pgm,1335
data\s117\7.jpg,1336
data\s117\7.pgm,1337
data\s117\8.jpg,1338
data\s117\8.pgm,1339
data\s117\9.jpg,1340
data\s117\9.pgm,1341
data\s118\1.jpg,1342
data\s118\1.pgm,1343
data\s118\10.jpg,1344
data\s118\10.pgm,1345
data\s118\2.jpg,1346
data\s118\2.pgm,1347
data\s118\3.jpg,1348
data\s118\3.pgm,1349
data\s118\4.jpg,1350
data\s118\4.pgm,1351
data\s118\5.jpg,1352
data\s118\5.pgm,1353
data\s118\6.jpg,1354
data\s118\6.pgm,1355
data\s118\7.jpg,1356
data\s118\7.pgm,1357
data\s118\8.jpg,1358
data\s118\8.pgm,1359
data\s118\9.jpg,1360
data\s118\9.pgm,1361
data\s119\1.jpg,1362
data\s119\1.pgm,1363
data\s119\10.jpg,1364
data\s119\10.pgm,1365
data\s119\2.jpg,1366
data\s119\2.pgm,1367
data\s119\3.jpg,1368
data\s119\3.pgm,1369
data\s119\4.jpg,1370
data\s119\4.pgm,1371
data\s119\5.jpg,1372
data\s119\5.pgm,1373
data\s119\6.jpg,1374
data\s119\6.pgm,1375
data\s119\7.jpg,1376
data\s119\7.pgm,1377
data\s119\8.jpg,1378
data\s119\8.pgm,1379
data\s119\9.jpg,1380
data\s119\9.pgm,1381
data\s120\1.jpg,1382
data\s120\1.pgm,1383
data\s120\10.jpg,1384
data\s120\10.pgm,1385
data\s120\2.jpg,1386
data\s120\2.pgm,1387
data\s120\3.jpg,1388
data\s120\3.pgm,1389
data\s120\4.jpg,1390
data\s120\4.pgm,1391
data\s120\5.jpg,1392
data\s120\5.pgm,1393
data\s120\6.jpg,1394
data\s120\6.pgm,1395
data\s120\7.jpg,1396
data\s120\7.pgm,1397
data\s120\8.jpg,1398
data\s120\8.pgm,1399
data\s120\9.jpg,1400
data\s120\9.pgm,1401
data\s121\1.jpg,1402
data\s121\1.pgm,1403
data\s121\10.jpg,1404
data\s121\10.pgm,1405
data\s121\2.jpg,1406
data\s121\2.pgm,1407
data\s121\3.jpg,1408
data\s121\3.pgm,1409
data\s121\4.jpg,1410
data\s121\4.pgm,1411
data\s121\5.jpg,1412
data\s121\5.pgm,1413
data\s121\6.jpg,1414
data\s121\6.pgm,1415
data\s121\7.jpg,1416
data\s121\7.pgm,1417
data\s121\8.jpg,1418
data\s121\8.pgm,1419
data\s121\9.jpg,1420
data\s121\9.pgm,1421
data\s122\1.jpg,1422
data\s122\1.pgm,1423
data\s122\10.jpg,1424
data\s122\10.pgm,1425
data\s122\2.jpg,1426
data\s122\2.pgm,1427
data\s122\3.jpg,1428
data\s122\3.pgm,1429
data\s122\4.jpg,1430
data\s122\4.pgm,1431
data\s122\5.jpg,1432
data\s122\5.pgm,1433
data\s122\6.jpg,1434
data\s122\6.pgm,1435
data\s122\7.jpg,1436
data\s122\7.pgm,1437
data\s122\8.jpg,1438
data\s122\8.pgm,1439
data\s122\9.jpg,1440
data\s122\9.pgm,1441
data\s123\1.jpg,1442
data\s123\1.pgm,1443
data\s123\10.jpg,1444
data\s123\10.pgm,1445
data\s123\2.jpg,1446
data\s123\2.pgm,1447
data\s123\3.jpg,1448
data\s123\3.pgm,1449
data\s123\4.jpg,1450
data\s123\4.pgm,1451
data\s123\5.jpg,1452
data\s123\5.pgm,1453
data\s123\6.jpg,1454
data\s123\6.pgm,1455
data\s123\7.jpg,1456
data\s123\7.pgm,1457
data\s123\8.jpg,1458
data\s123\8.pgm,1459
data\s123\9.jpg,1460
data\s123\9.pgm,1461
data\s124\1.jpg,1462
data\s124\1.pgm,1463
data\s124\10.jpg,1464
data\s124\10.pgm,1465
data\s124\2.jpg,1466
data\s124\2.pgm,1467
data\s124\3.jpg,1468
data\s124\3.pgm,1469
data\s124\4.jpg,1470
data\s124\4.pgm,1471
data\s124\5.jpg,1472
data\s124\5.pgm,1473
data\s124\6.jpg,1474
data\s124\6.pgm,1475
data\s124\7.jpg,1476
data\s124\7.pgm,1477
data\s124\8.jpg,1478
data\s124\8.pgm,1479
data\s124\9.jpg,1480
data\s124\9.pgm,1481
data\s125\1.jpg,1482
data\s125\1.pgm,1483
data\s125\10.jpg,1484
data\s125\10.pgm,1485
data\s125\2.jpg,1486
data\s125\2.pgm,1487
data\s125\3.jpg,1488
data\s125\3.pgm,1489
data\s125\4.jpg,1490
data\s125\4.pgm,1491
data\s125\5.jpg,1492
data\s125\5.pgm,1493
data\s125\6.jpg,1494
data\s125\6.pgm,1495
data\s125\7.jpg,1496
data\s125\7.pgm,1497
data\s125\8.jpg,1498
data\s125\8.pgm,1499
data\s125\9.jpg,1500
data\s125\9.pgm,1501
data\s126\1.jpg,1502
data\s126\1.pgm,1503
data\s126\10.jpg,1504
data\s126\10.pgm,1505
data\s126\2.jpg,1506
data\s126\2.pgm,1507
data\s126\3.jpg,1508
data\s126\3.pgm,1509
data\s126\4.jpg,1510
data\s126\4.pgm,1511
data\s126\5.jpg,1512
data\s126\5.pgm,1513
data\s126\6.jpg,1514
data\s126\6.pgm,1515
data\s126\7.jpg,1516
data\s126\7.pgm,1517
data\s126\8.jpg,1518
data\s126\8.pgm,1519
data\s126\9.jpg,1520
data\s126\9.pgm,1521
data\s127\1.jpg,1522
data\s127\1.pgm,1523
data\s127\10.jpg,1524
data\s127\10.pgm,1525
data\s127\2.jpg,1526
data\s127\2.pgm,1527
data\s127\3.jpg,1528
data\s127\3.pgm,1529
data\s127\4.jpg,1530
data\s127\4.pgm,1531
data\s127\5.jpg,1532
data\s127\5.pgm,1533
data\s127\6.jpg,1534
data\s127\6.pgm,1535
data\s127\7.jpg,1536
data\s127\7.pgm,1537
data\s127\8.jpg,1538
data\s127\8.pgm,1539
data\s127\9.jpg,1540
data\s127\9.pgm,1541
data\s128\1.jpg,1542
data\s128\1.pgm,1543
data\s128\10.jpg,1544
data\s128\10.pgm,1545
data\s128\2.jpg,1546
data\s128\2.pgm,1547
data\s128\3.jpg,1548
data\s128\3.pgm,1549
data\s128\4.jpg,1550
data\s128\4.pgm,1551
data\s128\5.jpg,1552
data\s128\5.pgm,1553
data\s128\6.jpg,1554
data\s128\6.pgm,1555
data\s128\7.jpg,1556
data\s128\7.pgm,1557
data\s128\8.jpg,1558
data\s128\8.pgm,1559
data\s128\9.jpg,1560
data\s128\9.pgm,1561
data\s129\1.jpg,1562
data\s129\1.pgm,1563
data\s129\10.jpg,1564
data\s129\10.pgm,1565
data\s129\2.jpg,1566
data\s129\2.pgm,1567
data\s129\3.jpg,1568
data\s129\3.pgm,1569
data\s129\4.jpg,1570
data\s129\4.pgm,1571
data\s129\5.jpg,1572
data\s129\5.pgm,1573
data\s129\6.jpg,1574
data\s129\6.pgm,1575
data\s129\7.jpg,1576
data\s129\7.pgm,1577
data\s129\8.jpg,1578
data\s129\8.pgm,1579
data\s129\9.jpg,1580
data\s129\9.pgm,1581
data\s130\1.jpg,1582
data\s130\1.pgm,1583
data\s130\10.jpg,1584
data\s130\10.pgm,1585
data\s130\2.jpg,1586
data\s130\2.pgm,1587
data\s130\3.jpg,1588
data\s130\3.pgm,1589
data\s130\4.jpg,1590
data\s130\4.pgm,1591
data\s130\5.jpg,1592
data\s130\5.pgm,1593
data\s130\6.jpg,1594
data\s130\6.pgm,1595
data\s130\7.jpg,1596
data\s130\7.pgm,1597
data\s130\8.jpg,1598
data\s130\8.pgm,1599
data\s130\9.jpg,1600
data\s130\9.pgm,1601
data\s131\1.jpg,1602
data\s131\1.pgm,1603
data\s131\10.jpg,1604
data\s131\10.pgm,1605
data\s131\2.jpg,1606
data\s131\2.pgm,1607
data\s131\3.jpg,1608
data\s131\3.pgm,1609
data\s131\4.jpg,1610
data\s131\4.pgm,1611
data\s131\5.jpg,1612
data\s131\5.pgm,1613
data\s131\6.jpg,1614
data\s131\6.pgm,1615
data\s131\7.jpg,1616
data\s131\7.pgm,1617
data\s131\8.jpg,1618
data\s131\8.pgm,1619
data\s131\9.jpg,1620
data\s131\9.pgm,1621
data\s132\1.jpg,1622
data\s132\1.pgm,1623
data\s132\10.jpg,1624
data\s132\10.pgm,1625
data\s132\2.jpg,1626
data\s132\2.pgm,1627
data\s132\3.jpg,1628
data\s132\3.pgm,1629
data\s132\4.jpg,1630
data\s132\4.pgm,1631
data\s132\5.jpg,1632
data\s132\5.pgm,1633
data\s132\6.jpg,1634
data\s132\6.pgm,1635
data\s132\7.jpg,1636
data\s132\7.pgm,1637
data\s132\8.jpg,1638
data\s132\8.pgm,1639
data\s132\9.jpg,1640
data\s132\9.pgm,1641
data\s133\1.jpg,1642
data\s133\1.pgm,1643
data\s133\10.jpg,1644
data\s133\10.pgm,1645
data\s133\2.jpg,1646
data\s133\2.pgm,1647
data\s133\3.jpg,1648
data\s133\3.pgm,1649
data\s133\4.jpg,1650
data\s133\4.pgm,1651
data\s133\5.jpg,1652
data\s133\5.pgm,1653
data\s133\6.jpg,1654
data\s133\6.pgm,1655
data\s133\7.jpg,1656
data\s133\7.pgm,1657
data\s133\8.jpg,1658
data\s133\8.pgm,1659
data\s133\9.jpg,1660
data\s133\9.pgm,1661
data\s134\1.jpg,1662
data\s134\1.pgm,1663
data\s134\10.jpg,1664
data\s134\10.pgm,1665
data\s134\2.jpg,1666
data\s134\2.pgm,1667
data\s134\3.jpg,1668
data\s134\3.pgm,1669
data\s134\4.jpg,1670
data\s134\4.pgm,1671
data\s134\5.jpg,1672
data\s134\5.pgm,1673
data\s134\6.jpg,1674
data\s134\6.pgm,1675
data\s134\7.jpg,1676
data\s134\7.pgm,1677
data\s134\8.jpg,1678
data\s134\8.pgm,1679
data\s134\9.jpg,1680
data\s134\9.pgm,1681
data\s135\1.jpg,1682
data\s135\1.pgm,1683
data\s135\10.jpg,1684
data\s135\10.pgm,1685
data\s135\2.jpg,1686
data\s135\2.pgm,1687
data\s135\3.jpg,1688
data\s135\3.pgm,1689
data\s135\4.jpg,1690
data\s135\4.pgm,1691
data\s135\5.jpg,1692
data\s135\5.pgm,1693
data\s135\6.jpg,1694
data\s135\6.pgm,1695
data\s135\7.jpg,1696
data\s135\7.pgm,1697
data\s135\8.jpg,1698
data\s135\8.pgm,1699
data\s135\9.jpg,1700
data\s135\9.pgm,1701
data\s136\1.jpg,1702
data\s136\2.jpg,1703
data\s136\3.jpg,1704
data\s136\4.jpg,1705
data\s136\5.jpg,1706
data\s137\1.jpg,1707
data\s137\1.pgm,1708
data\s137\10.jpg,1709
data\s137\10.pgm,1710
data\s137\2.jpg,1711
data\s137\2.pgm,1712
data\s137\3.jpg,1713
data\s137\3.pgm,1714
data\s137\4.jpg,1715
data\s137\4.pgm,1716
data\s137\5.jpg,1717
data\s137\5.pgm,1718
data\s137\6.jpg,1719
data\s137\6.pgm,1720
data\s137\7.jpg,1721
data\s137\7.pgm,1722
data\s137\8.jpg,1723
data\s137\8.pgm,1724
data\s137\9.jpg,1725
data\s137\9.pgm,1726
data\s138\1.jpg,1727
data\s138\1.pgm,1728
data\s138\10.jpg,1729
data\s138\10.pgm,1730
data\s138\2.jpg,1731
data\s138\2.pgm,1732
data\s138\3.jpg,1733
data\s138\3.pgm,1734
data\s138\4.jpg,1735
data\s138\4.pgm,1736
data\s138\5.jpg,1737
data\s138\5.pgm,1738
data\s138\6.jpg,1739
data\s138\6.pgm,1740
data\s138\7.jpg,1741
data\s138\7.pgm,1742
data\s138\8.jpg,1743
data\s138\8.pgm,1744
data\s138\9.jpg,1745
data\s138\9.pgm,1746
data\s139\1.jpg,1747
data\s139\1.pgm,1748
data\s139\10.jpg,1749
data\s139\10.pgm,1750
data\s139\2.jpg,1751
data\s139\2.pgm,1752
data\s139\3.jpg,1753
data\s139\3.pgm,1754
data\s139\4.jpg,1755
data\s139\4.pgm,1756
data\s139\5.jpg,1757
data\s139\5.pgm,1758
data\s139\6.jpg,1759
data\s139\6.pgm,1760
data\s139\7.jpg,1761
data\s139\7.pgm,1762
data\s139\8.jpg,1763
data\s139\8.pgm,1764
data\s139\9.jpg,1765
data\s139\9.pgm,1766
data\s140\1.jpg,1767
data\s140\1.pgm,1768
data\s140\10.jpg,1769
data\s140\10.pgm,1770
data\s140\2.jpg,1771
data\s140\2.pgm,1772
data\s140\3.jpg,1773
data\s140\3.pgm,1774
data\s140\4.jpg,1775
data\s140\4.pgm,1776
data\s140\5.jpg,1777
data\s140\5.pgm,1778
data\s140\6.jpg,1779
data\s140\6.pgm,1780
data\s140\7.jpg,1781
data\s140\7.pgm,1782
data\s140\8.jpg,1783
data\s140\8.pgm,1784
data\s140\9.jpg,1785
data\s140\9.pgm,1786
data\s141\1.jpg,1787
data\s141\1.pgm,1788
data\s141\10.jpg,1789
data\s141\10.pgm,1790
data\s141\2.jpg,1791
data\s141\2.pgm,1792
data\s141\3.jpg,1793
data\s141\3.pgm,1794
data\s141\4.jpg,1795
data\s141\4.pgm,1796
data\s141\5.jpg,1797
data\s141\5.pgm,1798
data\s141\6.jpg,1799
data\s141\6.pgm,1800
data\s141\7.jpg,1801
data\s141\7.pgm,1802
data\s141\8.jpg,1803
data\s141\8.pgm,1804
data\s141\9.jpg,1805
data\s141\9.pgm,1806
